prot,n_heavy,n_dihed,n_rec_atoms,t_step,t_update,t_kdtree,t_kernels
1g9v,25,7,2142,638.8125002558809,22.062498828745447,94.47950105823111,362.0414991019061
1gkc,22,10,2442,507.5209974165773,23.75000258325599,119.83299918938428,340.7709991734009
1gm8,24,5,8653,745.1660003425786,16.08300044608768,135.87499961431604,490.103999254643
1hp0,19,2,4914,744.2084988724673,11.562498912098818,127.89600077667274,335.20850047352724
1hq2,14,1,2521,432.4789988459088,9.583000064594671,93.10449968324974,564.7500001941808
1hvy,32,10,4613,812.8540011966834,27.125000997330062,187.9165010905126,545.0414973893203
1hwi,30,9,5865,713.2290011213627,24.375000066356733,127.7089995710412,546.4584974106401
1hww,12,0,16157,704.2504985292908,8.33300146041438,90.74999979929999,469.20849854359403
1ig3,18,4,3961,588.7919996894198,14.45800080546178,76.16649963892996,358.56300200975966
1j3j,17,2,3707,565.541999094421,11.271000403212383,124.87449930631556,288.47900102846324
1jd0,13,3,4071,478.6459994647885,12.250002328073606,85.89599929109681,263.9379999891389
1jla,27,7,8959,854.9165013391757,20.832998416153714,195.9370001713978,530.3745001583593
1k3u,21,7,4047,669.708502755384,18.520500816521235,169.6874987828778,363.9580008893972
1ke5,23,5,4594,632.7505016088253,17.708498489810154,145.83300071535632,393.24999852397013
1kzk,41,12,1564,748.0625008611241,37.20899985637516,170.81199803214986,677.9585000913357
1l7f,23,9,5966,837.8959992114687,20.707999283331446,227.43750014342368,388.10399928479455
1lpz,32,7,3665,822.6254994951887,23.458000214304775,212.499498957186,465.60449845856056
1lrh,14,2,2499,465.5624979932327,10.874999134102836,104.08350135548972,302.4164998350898
1m2z,28,2,4174,757.354500819929,10.604500857880339,212.72949925332796,494.8540008626878
1meh,23,7,5404,682.1664992457954,19.084000086877495,137.68700046057347,421.2080002616858
1mmv,15,9,6542,665.2704996668035,23.436999981640838,127.93750101991463,320.0624996679835
1n1m,12,3,11619,667.5414988421835,13.124998076818883,108.20800162036903,424.45900180609897
1n2j,10,3,4280,377.62499960081186,12.083499314030632,81.10449925879948,220.79200061853044
1n2v,15,3,5757,537.7709985623369,12.37499964190647,110.20800047845114,337.7500015631085
1of6,13,3,5287,476.35400005674455,12.333501217653975,103.3335011015879,361.4170000219019
1opk,29,4,7131,894.4794990384253,15.166999219218269,218.95800091442652,515.6249990250217
1oq5,26,3,4032,778.3125001878943,14.624998584622517,162.7080018806737,427.58299969136715
1owe,22,4,3820,715.9795004554326,15.624998923158273,158.93750060058665,369.5209979923675
1oyt,30,4,4032,843.5209983872483,16.62499926169403,269.87499950337224,479.4999986188486
1p2y,12,1,6402,545.8124996948754,10.165998901356943,96.06250023352914,273.9789997576736
1p62,18,2,3780,721.7914990178542,11.500000255182385,117.2499996755505,331.39550032501575
1q1g,20,3,3747,589.3960005778354,13.083001249469817,137.31250146520324,647.750499410904
1q41,21,2,5463,651.8959999084473,11.916999937966466,150.6040007370757,427.1039997547632
1q4g,17,3,8893,685.9999994048849,12.874999811174348,144.9999999749707,367.18749834108166
1r58,23,10,5738,753.2294985139742,27.624999347608536,180.4375024221372,442.47899859328754
1r9o,18,3,7345,593.6045017733704,12.832999345846474,130.12499948672485,387.8329989674967
1s19,30,8,4056,823.9585004048422,23.124997824197635,286.2285000446718,515.6039987923577
1s3v,27,6,3013,682.770500134211,19.25000105984509,186.14599866850767,411.95850099029485
1sg0,17,3,3604,530.0209995766636,14.062499758438207,90.52049972524401,309.41700060793664
1sj0,33,6,3933,879.8119997663889,21.66699960071128,238.0205005465541,473.0835007649148
1sq5,15,7,4942,717.0624994614627,17.770498743630014,112.87500092294067,313.95850055560004
1t40,28,7,5067,732.7909988816828,21.666499378625304,163.0414990358986,477.5415000040084
1t46,37,8,4726,1054.4790002313675,30.082999728620052,363.1039999163477,540.3334998845821
1t9b,23,6,8923,663.020999127184,19.45799886016175,91.00000170292333,462.5410001608543
1tow,19,4,2059,751.4369990531122,13.999997463542968,180.60399816022255,343.167001119582
1tt1,15,4,4042,496.39550161373336,13.290999049786478,110.83400022471324,520.1244985073572
1u1c,20,6,3818,597.5204985588789,16.7500002135057,133.3130003331462,312.89599974115845
1u4d,18,1,4134,519.749999511987,10.374998964834958,117.97899969678838,448.2709991862066
1uml,33,11,5536,952.1039992250735,29.77050098706968,266.7085009306902,514.5419982000021
1unl,26,8,4711,702.2500012681121,20.895500711048953,182.04150183009915,589.8335002711974
1v0p,30,8,4512,774.6244991722051,20.91599890263751,209.8539989674464,596.4380015939241
1v4s,23,5,6952,645.7290019170614,16.312498701154254,144.45800115936436,494.95849816594273
1vcj,25,8,5963,672.5000002916204,19.12500010803342,177.41699957696255,424.3335006322013
1x8x,13,3,5052,692.8539987711702,11.91600131278392,113.97949856473133,309.062499582069
1xm6,19,5,5372,580.9169997519348,14.9589977809228,153.18749865400605,342.56300023116637
1xoq,26,8,5233,702.9999997030245,19.499999325489625,162.91649990307633,441.64549944980536
1xoz,29,1,5284,765.5004992557224,10.6250008684583,194.74999862723053,489.187499624677
1ygc,38,12,3928,890.5835002224194,31.35450060653966,207.18749874504283,697.5834985496476
1yvf,28,8,8819,1084.9584978132043,25.334000383736566,228.3334997628117,561.1665001197252
1ywr,35,6,5465,1035.666500683874,21.791000108351,274.41650127002504,571.5414972655708
1z95,29,7,3917,924.9165013898164,23.790998966433108,233.1870000489289,503.6869988543913
2br1,29,7,4425,730.3545007744106,18.167000234825537,165.20800090802368,417.0204992988147
